reply_timestamp,retweet_timestamp,retweet_with_comment_timestamp,like_timestamp
,,,1581079007
,,,
,,,1581357254
,,,
,1581058695,,
,,,
,,,1581209817
,,,
,,,
,,,
,,,1581266869
,,,1581284848
,,,1581331706
,,,1581551631
,,,1581087985
,1581350591,,1581350591
,,,
,,,1581456049
,,,
,,,1581412271
,,,
,,,1581337845
,,,
,,,
,,,
,,,
,1581340458,,
,,,
,,,
,,,1581195909
,,,
,,,
,,,
,,,1581005219
,,,
,,,1581503130
,,,
,1581021181,,1581021181
,,,1581455763
,,,
,,,
,,,
,,,
,,,1581143743
,,,
,,,1581077140
,,,1581026684
,,,
,,,1581471279
,,,1581525792
,1580990677,,
,,,1581518458
,,,
,,,1581259967
,,,
,1581489774,,1581489774
,,,1581204656
,,,1581251503
,,,1581204038
,,,
,,,
1581517373,,,
,,,1581508549
,,,
,,,1581165559
,,,
,,,
,,,
,,,
,,,
,,,
,,,1581542507
,,,
1581053460,,,
,,,
,,,1580962775
,,,1581009705
,,,1581172630
,,,
,,,
,,,
,,,
,,,
,,,
,,,
,,,1581189639
,1581103129,,
,,,1581355429
,,,
1581307724,,,1581307724
,1580973130,,1580973130
,,,
,1581231635,,1581231635
,,,1581207847
,,,
,,,1581137623
,,,
,,,
,,,
,,,
,,,
,,,
,,,
,1580993563,,
,1581544854,,
,,,
,,,
,,,
,,,
,,,1581088940
,,,
,,,
,,,
,,,
,,,
,,,1581078583
,,,1581136635
,1581430211,,
,,,
,,,
,,,
,,,
,,,1581185316
,,,1581513842
,,,1581439700
,,,
,,,
1580951299,,,
,,,1581147632
,,,
,,,
,,,
,,,
,,,1581352743
,,,
,,,1581456697
,1581386865,,1581386871
,,,1581078690
,,,1580973189
1581527390,,,1581527390
,,,
,,,
,,,
,,,
,1581463791,,
,,,1581067111
,,,1581234429
,,,1581328253
,,,1581424126
,,,1581073989
,,,1581046147
,,,
,,,
,,,1581538732
,,,
,1581432451,,1581432451
,,,
,,,
,,,
,,,1581310216
,,,
,,,1581224241
,,,1581290341
,,,1580966258
,,,
,,,1581023858
,,,
,,,
,,,1581514326
,,,1581453302
,,,
,,,
,,,1580998304
,,,
,1581369170,,1581369169
,,,
,1581506849,,
,,,1581202341
,,,
,,,1581302434
,1581424147,,
,,,
,,,1581196597
,,,1581078080
,,,1581453150
,,,
,,,1581520388
,,,
,,,1581539728
,,,1581383289
,,,1581370322
,,,
,,,1581539601
,,,1581355630
,,,1581009156
,,,1581369947
,,,1580987199
,,,
,,,
,,,1581348603
,,,
,,,1581374702
,,,
,,,1581069310
,,,1581123991
,,,
,,,
,,,1581213030
,,,1581258959
,,,
,,,1580960065
,,,
,,,1581527656
,,,
1581271842,,,
,,,1581090010
,,,1581190170
,1581280319,1581280319,1581280319
,1581380038,,1581380038
,1581174853,,1581174853
,1581437866,,1581437866
,,,1581401609
,,,1581317626
,,,1581475308
,,,
,,,
,,,1581038925
,,,
,1581270176,,1581270176
,,,1581113257
,1581330311,,1581330311
,,,1581032093
,,,
,,,1581088713
,,,
,,,1581399053
,,,
,,,
,1581314106,,1581314106
,,,
,,,1580993141
,,,
,,,1581525333
,,,
,,,1581467729
,,,1581450916
,,,1581469030
,,,
,,,
,,,
,,,
,,,
,,,
,,,1581235114
,,,1581121712
,,,1581045295
,,,1581133790
,,,1581464252
1581458090,,,
,,,
,,,
,,,
,,,1581358686
,,,1581036444
1581368930,,,1581368930
,,,
,,,1581372812
1581509623,,,
,,,
,,,1581045448
,,,
,,,
,,,1581373481
,,,
,,,
,,,
,,,
,,,
,,,
,,,
,,,
,,,
,,,1581479348
,,,
,,,
,,,1581375377
,,,
,,,
,,,
,,,
1581481952,,,
,,,
,1581268071,,1581268006
,,,1581268406
,1581348238,,
,,,
,1581376737,,1581376737
,,,
,,,
,,,
,,,1581382364
,,,1581389711
,,,
,,,
,,,1581502259
,,,1581260609
,,,1581178784
,,,
,,,
,,,1581116282
,,,1581293585
,,,1581106147
,,,1581085089
,,,
,,,1580991837
,,,1581262336
,,,
,,,1581115500
,,,1581015135
,1581422923,,1581422931
,,,
,,,
,,,1581274890
,,,
,,,
,,,1581548221
,1581375311,,1581375311
,,,1581348796
,1580990725,,1580990719
,,,
,,,1581150617
,,,
,,,
,,,
,,,1581135097
,,,
,,,1581341875
,,,1581042083
,,,
,,,
,,,
,1581261130,,
,,,1581202638
,,,
,,,
,,,1581012915
,,,
,,,
,,,1581121788
,,,
,1581518637,1581518637,
,,,
,,,
,,,
,1581356262,,1581356262
,,,1581458749
,,,
,1581432593,1581432593,
,,,1581333228
,,,
,,,1581497886
,,,
,,,
,,,
,,,1581371813
,,,1581426567
,,,
,,,1581241083
,,,1581222562
,,,
,,,
,,,1581158401
,1581227765,,1581227765
,,,
,,,
,,,1581540515
,,,1581226896
,,,1581310803
,,,1581005592
,,,1580954133
,,,
,,,
,,,
,,,
,,,
,,,1581273041
,,,
,,,1581100572
,,,
,,,
,,,1581202176
,,,1581414451
,1581537877,,1581537874
,,,1581026852
,,,1580954526
,,,
,,,
,,,1581100608
,,,
,,,
,,,1581119669
,1581188831,,
,,,
,,,1581312131
,,,1581175906
,,,1581046860
,,,
,,,
,,,
,,,1581267241
,,,1581266371
,,,1581206091
,,,
,,,
,,,
,,,
,,,
1581279614,,,1581279614
,1581347227,,1581347227
,,,
,,,1581070737
,,,
,,,1581440947
,,,1581122259
,,,
,,,
,,,1581138455
,,,1581169718
,,,
,,,
,,,1581024607
,,,1581222209
,,,
,,,
,,,
,,,1581421490
,,,1581301234
,,,
,,,1581333189
,,,1580996393
,,,
,,,1581487653
,,,1581429363
,,,
,,,1581203243
,,,
,,,
,,,
,1581053592,,1581053592
1581005188,,,
,,,
,,,
,,,1581359817
,,,1581537532
1581028125,,,
,,,
,,,1581148482
,,,1581202802
,1581535308,,1581535308
,,,
,,,
,,,1581015783
,,,
1581395883,,,1581395823
,,,
,,,
,,,1581495466
,1581521689,,
,1581344950,,
,,,
,,,1581438711
,1581131778,,1581131778
,,,1581339903
,,,1581294421
,,,
,,,
,,,
,,,1581407017
,,,
,,,
,,,1581048088
,,,1581172977
,,,1581182915
,,,1581303476
,,,1581053456
,,,1581019931
,,,
,,,
,,,
,,,
,,,1581330380
,,,1581432285
,,,
,,,
,,,
,,,
,,,1581380012
,,,
,,,1581193794
,,,
,,,1581373766
,,,1581340500
,,,1581203182
,,,1581332993
,,,1581283457
,,,
,,,
,,,1581439751
,,,
,,,1581228426
,,,
,,,
,,,
,,,1581429425
,,,1581304982
,,,
,,,1581221613
,,,1581416348
,,,
,,,
,,,
,1581525784,,
,,,1581171596
,,,
,,,
,,,1581523705
,,,
,,,1581061936
,,,1581153979
,,,1581224483
,,,
,,,
,,,1581260110
,,,
,1581108588,,1581108588
,,,
,,,1581110632
,1581169048,,1581169048
,,,
,,,
,,,
1581336271,,,
,,,
,,,
,,,1581451223
,,,1581478673
,,,1581500781
,,,
,,,
,,,
,,,1581472228
,,,
,,,
,,,
,,,
,,,
,,,
,,,
,,,
,,,1581427959
,,,
,,,1581086903
,,,1581205045
,,,
,,,1581091694
,,,
,,,
,1581163295,,1581163295
,,,
,1581437606,,1581437603
,1581024980,,
,,,
,,,1581042150
,,,
,,,
,,,1581369569
,,,
,,,
,,,
,1580962557,,
,1581543673,,
,,,1581106707
,,,1581044590
,,,
,,,1581264660
,,,1581378294
,,,
,,,1580958769
,,,
,,,
,1581334625,,1581334625
,,,
,,,
,,,1581056942
,,,
,,,1581191334
,,,1581389021
,,,1581181223
,,,
,,,
,,,1581049835
,,,
,1580973787,,
,1581006381,,
,,,
,,,1581434119
,1581374499,,
,,,
,,,1581403296
,,,1581372587
,,,1581005424
,,,
,,,1581276132
1581209695,,,1581209619
,,,
,,,
,,,
,,,1581019027
,1581026274,,1581026274
,,,1581223888
,1581102041,,
,,,
,,,1581125727
,,,1581424093
,,,1581353039
,,,
,,,1580979582
,,,
,,,1581180623
,,,
,,,1581333304
,,,
,,,
,1581225610,,1581225606
,,,
1580951865,,,
,,,
,,,1581080545
,,,
,,,
,,,1580974906
,,,
,,,
,,,1581167587
,,,
,,,1581400010
,,,1581174988
,,,
,,,
,,,
,,,1581533903
,1581304960,,1581304960
,1581189687,,1581189687
,,,
,,,
,,,1581089869
,,,1581305334
,,,
,,,
,,,
,,,1581198454
,1581437928,,
,,,
,,,
,,,
,,,1581321702
,1581328704,,
,,,
,,,
,,,
,,,1581108265
,,,
,,,
,1581268072,,
,,,
,,,
,,,
,,,1581167709
,1581431402,1581431402,1581431398
,,,
,,,
,,,
,,,1581201071
,,,1581372432
,1581256938,,1581256938
,,,
,,,1581393830
,,,
,,,1581026043
,,,1581064853
,,,
,,,1581528319
,,,
,,,
,,,
,,,1580957934
,,,
,1581371348,,1581371343
,1581442222,,1581442123
,,,
,,,
,,,
,,,
,,,1581178801
,,,
,,,
,,,1581004576
,,,
,1580961295,,1580961295
,,,
,,,
,,,
,1581343866,,
,,,
,,,
,,,
,,,1581217329
,1581063619,,1581063622
,,,
,,,
,,,
,,,1581464449
,,,
,,,
1581480349,,,1581480346
,,,1581285298
,,,1581433890
,,,1581020617
,,,1581433890
,,,1581348560
,,,1581310987
,,,1581139234
,,,
,,,
,,,1581017781
,,,1581498825
,,,
,,,
,,,
,,,1580966900
,,,1581422021
,,,
,1581484447,,1581484447
,,,
,,,1581046407
,,,1581331581
,,,1581376242
,,,1581243277
,,,1581194356
,,,1581135022
,,,
,,,
,,,1581524487
,,,
,,,1581031924
,,,
,,,
,,,
,,,
,,,1581421517
,,,1581502484
,,,1580980663
,,,1581317290
,,,1581232536
,,,
,,,
,,,1581234312
,,,
,,,
,,,1581370409
,,,1581453484
,,,1581028380
,,,
,,,
,,,
,1581378402,,
,,,
,,,1581069172
,1581550401,,1581550401
,,,1581089318
,1581201194,,
,,,
,,,1581065532
1581374681,,,1581374681
,,,
,,,
,,,
,,,
,,,
,,,1581132242
,,,1581528400
,,,
,,,
,,,1581499306
,,,1581289455
,,,1581002776
,,,1581354808
,,,1581068412
,,,1581217198
,,,
,,,1581198526
,,,1581313719
,,,1581281325
,,,1581415509
,,,1581066128
,,,
,,,
,,,
,,,1581239613
,,,1581420572
,,,
,,,
,,,
,,,1581268532
,,,
,,,
,,,1581002923
,,,1581488909
,,,
,,,1581104235
,,,
,,,1581549151
,,,
,,,1581175058
,,,
,,,
,,,
,,,1581171220
,,,
,,,
,,,1581020260
,,,1581205680
,,,
,,,1581372828
,,,1581523493
,,,
,,,1581072792
,,,1581470041
,,,1581243930
,1581325163,,1581325163
,,,
,,,
,,,1581073951
,,,1581352787
,,,1581291463
,,,
,,,1581363229
,,,
,,,
,,,
,1581459555,,1581459555
,,,
,,,
,,,
,,,
,1581452977,,1581452977
,,,
,,,
,1581047750,,1581047750
,,,
,,,
,,,
,,,1581400202
,,,
,,,1581196083
,,,
,,,
,,,1581446361
,,,
,,,
,,,1581225924
,,,1581221760
,,,
,,,
,,,1581289449
,,,
,,,1581299425
,,,
,,,
,,,
,,,
,,,
,,,1581449087
,,,
,,,
1581462245,,,
,,,1581289072
,,,1581501869
,1581178349,,
,,,
,,,
,,,1581307341
,,,1581052138
,,,
,,,
,,,1581386787
,,,
,1581426718,,1581426718
,,,
,,,1581535261
,,,
,,,
,,,1581358161
,,,
,,,
,1581351997,,1581351997
,,,
,,,
,,,
,,,
,,,
,,,
,,,1581129842
,,,
,,,
,,,
,,,1581209343
,,,
,,,
,,,
,,,
,,,
,1581277187,,
,,,
,,,
,,,
,,,1581275409
,,,1581432379
,1581385785,,1581385785
,,,
,,,
,,,
,,,
,,,
,,,1581118027
,,,1580996802
,,,1581083339
,,,1581488419
,,,
,,,
,,,1581210597
,,,
,,,1581524579
1581052081,,,
,1581108718,,1581108718
,,,1581522248
,,,
,,,
,,,1580999654
,,,
,,,
,,,
,,,
,,,
,,,
,,,
,,,1581293936
,,,1581201041
,,,
,1581370705,,1581370705
,,,
,,,
,,,1581472873
,,,
,,,
,,,
,,,
,,,1580977870
,,,
,,,
,,,1581368661
,1581397197,,
,,,1581320526
,,,1581254000
,,,
,,,1581474397
,,,
,,,1581009131
,,,
,,,
,,,
,,,
,,,
,,,1581056914
,,,
,,,
,,,1580963131
,,,
,,,1581075843
,,,1581113372
,,,
,,,
,,,1581246336
,,,1581530733
,,,1581085729
,,,
,,,1581489465
,,,1581170214
,,,1581322590
,,,1581469115
